{"cameraMode":{"drawMode":0,"name":"Shaded","section":"Shading Mode"},"sceneLighting":false,"audioPlay":false,"sceneViewState":{"showFog":true,"showMaterialUpdate":false,"showSkybox":true,"showFlares":true,"showImageEffects":true,"showParticleSystems":true},"in2DMode":false,"pivot":{"x":-2.2351741790771486e-8,"y":0.11142535507678986,"z":0.0038374662399291994},"rotation":{"x":0.07666361331939697,"y":-0.8515332937240601,"z":0.13000115752220155,"w":0.502129852771759},"size":0.6905186772346497,"orthographic":false}