{"cameraMode":{"drawMode":0,"name":"Shaded","section":"Shading Mode"},"sceneLighting":true,"audioPlay":false,"sceneViewState":{"showFog":true,"showMaterialUpdate":false,"showSkybox":true,"showFlares":true,"showImageEffects":true,"showParticleSystems":true},"in2DMode":false,"pivot":{"x":348.51519775390627,"y":1135.7451171875,"z":115.3468017578125},"rotation":{"x":-0.15686999261379243,"y":-0.0019669763278216125,"z":0.0008756257011555135,"w":-0.9877611994743347},"size":1924.3067626953125,"orthographic":false}