{"cameraMode":{"drawMode":0,"name":"Shaded","section":"Shading Mode"},"sceneLighting":true,"audioPlay":false,"sceneViewState":{"showFog":true,"showMaterialUpdate":false,"showSkybox":true,"showFlares":true,"showImageEffects":true,"showParticleSystems":true},"in2DMode":false,"pivot":{"x":3149.28076171875,"y":184.22833251953126,"z":430.8562927246094},"rotation":{"x":0.3168688118457794,"y":-0.019915921613574029,"z":0.0066552241332829,"w":0.9482370615005493},"size":22.804346084594728,"orthographic":false}