{"cameraMode":{"drawMode":0,"name":"Shaded","section":"Shading Mode"},"sceneLighting":true,"audioPlay":false,"sceneViewState":{"showFog":true,"showMaterialUpdate":false,"showSkybox":true,"showFlares":true,"showImageEffects":true,"showParticleSystems":true},"in2DMode":false,"pivot":{"x":610.7545776367188,"y":1110.2423095703125,"z":-136.92242431640626},"rotation":{"x":0.011171541176736355,"y":-0.7358741760253906,"z":0.01214167382568121,"w":0.6769208908081055},"size":266.02313232421877,"orthographic":false}