{"cameraMode":{"drawMode":0,"name":"Shaded","section":"Shading Mode"},"sceneLighting":true,"audioPlay":false,"sceneViewState":{"showFog":true,"showMaterialUpdate":false,"showSkybox":true,"showFlares":true,"showImageEffects":true,"showParticleSystems":true},"in2DMode":false,"pivot":{"x":626.5245971679688,"y":1105.668212890625,"z":-23.87970733642578},"rotation":{"x":0.20633764564990998,"y":0.43501272797584536,"z":-0.10323341935873032,"w":0.8704095482826233},"size":203.73011779785157,"orthographic":false}