{"cameraMode":{"drawMode":0,"name":"Shaded","section":"Shading Mode"},"sceneLighting":true,"audioPlay":false,"sceneViewState":{"showFog":true,"showMaterialUpdate":false,"showSkybox":true,"showFlares":true,"showImageEffects":true,"showParticleSystems":true},"in2DMode":false,"pivot":{"x":602.70263671875,"y":242.69203186035157,"z":32.180816650390628},"rotation":{"x":-0.30552589893341067,"y":-0.01606140285730362,"z":0.0058438461273908619,"w":-0.9521904587745667},"size":315.41485595703127,"orthographic":false}