{"cameraMode":{"drawMode":0,"name":"Shaded","section":"Shading Mode"},"sceneLighting":true,"audioPlay":false,"sceneViewState":{"showFog":true,"showMaterialUpdate":false,"showSkybox":true,"showFlares":true,"showImageEffects":true,"showParticleSystems":true},"in2DMode":false,"pivot":{"x":602.7799682617188,"y":1114.7999267578125,"z":75.72693634033203},"rotation":{"x":-0.00043731683399528265,"y":0.9989075064659119,"z":-0.009299836121499539,"w":-0.0461808405816555},"size":61.64527130126953,"orthographic":false}