{"cameraMode":{"drawMode":0,"name":"Shaded","section":"Shading Mode"},"sceneLighting":true,"audioPlay":false,"sceneViewState":{"showFog":true,"showMaterialUpdate":false,"showSkybox":true,"showFlares":true,"showImageEffects":true,"showParticleSystems":true},"in2DMode":false,"pivot":{"x":1645.041015625,"y":307.95892333984377,"z":110.18254089355469},"rotation":{"x":0.29982322454452517,"y":0.0028472875710576774,"z":-0.0009409243939444423,"w":0.9540210962295532},"size":268.8908386230469,"orthographic":false}