{"cameraMode":{"drawMode":0,"name":"Shaded","section":"Shading Mode"},"sceneLighting":true,"audioPlay":false,"sceneViewState":{"showFog":true,"showMaterialUpdate":false,"showSkybox":true,"showFlares":true,"showImageEffects":true,"showParticleSystems":true},"in2DMode":false,"pivot":{"x":-933.6024780273438,"y":220.23226928710938,"z":213.7008056640625},"rotation":{"x":-0.17460139095783235,"y":-0.008871027268469334,"z":0.001585588208399713,"w":-0.9846420288085938},"size":5.1717963218688969,"orthographic":false}