{"cameraMode":{"drawMode":0,"name":"Shaded","section":"Shading Mode"},"sceneLighting":true,"audioPlay":false,"sceneViewState":{"showFog":true,"showMaterialUpdate":false,"showSkybox":true,"showFlares":true,"showImageEffects":true,"showParticleSystems":true},"in2DMode":false,"pivot":{"x":752.2040405273438,"y":1094.769287109375,"z":140.86041259765626},"rotation":{"x":0.25090527534484866,"y":-0.35540369153022768,"z":0.09954280406236649,"w":0.8949322700500488},"size":177.58338928222657,"orthographic":false}