{"cameraMode":{"drawMode":0,"name":"Shaded","section":"Shading Mode"},"sceneLighting":true,"audioPlay":false,"sceneViewState":{"showFog":true,"showMaterialUpdate":false,"showSkybox":true,"showFlares":true,"showImageEffects":true,"showParticleSystems":true},"in2DMode":false,"pivot":{"x":529.252685546875,"y":228.88128662109376,"z":36.054901123046878},"rotation":{"x":0.11077024042606354,"y":-0.005963040515780449,"z":0.0006646299152635038,"w":0.9938281178474426},"size":286.3907470703125,"orthographic":false}