{"cameraMode":{"drawMode":0,"name":"Shaded","section":"Shading Mode"},"sceneLighting":true,"audioPlay":false,"sceneViewState":{"showFog":true,"showMaterialUpdate":false,"showSkybox":true,"showFlares":true,"showImageEffects":true,"showParticleSystems":true},"in2DMode":false,"pivot":{"x":526.032958984375,"y":350.3268127441406,"z":-60.89561462402344},"rotation":{"x":0.15376019477844239,"y":-0.04000673070549965,"z":0.006230626720935106,"w":0.9872799515724182},"size":194.91127014160157,"orthographic":false}